census_id,sponsor,sponsor_entity_verified,sponsor_species,sponsor_statute,tier,faces_2027_cliff,traveling,role,sponsor_home_city,sponsor_home_county,property_city,property_county,status,affordable,classification_confidence,sale_date
TX-63-3735,Cameron County Housing Authority,Cameron County Housing Authority,HA,Ch.392,3,False,yes,Additional owner,San Benito/Brownsville,Cameron,Houston,Harris,Completed,All,low,
TX-63-403,Cameron County Housing Authority,Cameron County Housing Authority,HA,Ch.392,3,False,yes,Additional owner,San Benito/Brownsville,Cameron,Stafford,Harris,Completed,None,low,
TX-62-3053,Cameron County Housing Authority,Cameron County Housing Authority,HA,Ch.392,3,False,yes,Additional owner,San Benito/Brownsville,Cameron,League City,Galveston,Completed,All,low,
TX-62-4070,Cameron County Housing Authority,Cameron County Housing Authority,HA,Ch.392,3,False,yes,Additional owner,San Benito/Brownsville,Cameron,League City,Galveston,Completed,Partial,low,
TX-43-2577,"Cameron County Housing Finance Corporation, The",Cameron County Housing Finance Corporation,HFC,Ch.394,1,True,yes,Additional owner,Harlingen,Cameron,Lewisville,Denton,Completed,None,high,
TX-38-923,"Cameron County Housing Finance Corporation, The",Cameron County Housing Finance Corporation,HFC,Ch.394,1,True,yes,Additional owner,Harlingen,Cameron,Fort Worth,Tarrant,Completed,None,high,
TX-43-1496,"Cameron County Housing Finance Corporation, The",Cameron County Housing Finance Corporation,HFC,Ch.394,1,True,yes,Ground Leasor,Harlingen,Cameron,Irving,Dallas,Completed,None,high,
TX-61-1707,"Cameron County Housing Finance Corporation, The",Cameron County Housing Finance Corporation,HFC,Ch.394,1,True,yes,Additional owner,Harlingen,Cameron,San Antonio,Bexar,Completed,None,high,
TX-38-1510,"Cameron County Housing Finance Corporation, The",Cameron County Housing Finance Corporation,HFC,Ch.394,1,True,yes,Ground Leasor,Harlingen,Cameron,Fort Worth,Tarrant,Completed,None,high,
TX-62-3044,"Cameron County Housing Finance Corporation, The",Cameron County Housing Finance Corporation,HFC,Ch.394,1,True,yes,Ground Leasor,Harlingen,Cameron,Lake Jackson,Brazoria,Completed,All,high,
TX-62-4386,"Cameron County Housing Finance Corporation, The",Cameron County Housing Finance Corporation,HFC,Ch.394,1,True,yes,Ground Leasor,Harlingen,Cameron,Baytown,Harris,Completed,None,high,
TX-38-2811,"Cameron County Housing Finance Corporation, The",Cameron County Housing Finance Corporation,HFC,Ch.394,1,True,yes,Ground Leasor,Harlingen,Cameron,Fort Worth,Tarrant,Completed,None,high,
TX-37-109,"Cameron County Housing Finance Corporation, The",Cameron County Housing Finance Corporation,HFC,Ch.394,1,True,yes,Additional owner,Harlingen,Cameron,Richardson,Collin,Completed,None,high,
TX-43-2669,"Cameron County Housing Finance Corporation, The",Cameron County Housing Finance Corporation,HFC,Ch.394,1,True,yes,Additional owner,Harlingen,Cameron,Lewisville,Denton,Completed,None,high,
TX-36-528,"Cameron County Housing Finance Corporation, The",Cameron County Housing Finance Corporation,HFC,Ch.394,1,True,yes,Primary Owner,Harlingen,Cameron,Austin,Travis,Completed,None,high,2024-12-26
TX-36-1466,"Cameron County Housing Finance Corporation, The",Cameron County Housing Finance Corporation,HFC,Ch.394,1,True,yes,Primary Owner,Harlingen,Cameron,Austin,Travis,Completed,None,high,2024-12-26
TX-61-614,"Cameron County Housing Finance Corporation, The",Cameron County Housing Finance Corporation,HFC,Ch.394,1,True,yes,Primary Owner,Harlingen,Cameron,San Antonio,Bexar,Completed,None,high,2024-12-24
TX-37-8327,"Cameron County Housing Finance Corporation, The",Cameron County Housing Finance Corporation,HFC,Ch.394,1,True,yes,Primary Owner,Harlingen,Cameron,Dallas,Collin,Completed,None,high,2024-12-26
TX-37-8328,"Cameron County Housing Finance Corporation, The",Cameron County Housing Finance Corporation,HFC,Ch.394,1,True,yes,Primary Owner,Harlingen,Cameron,Dallas,Collin,Completed,None,high,2024-12-26
TX-43-1599,"Cameron County Housing Finance Corporation, The",Cameron County Housing Finance Corporation,HFC,Ch.394,1,True,yes,Additional owner,Harlingen,Cameron,Irving,Dallas,Completed,None,high,
TX-43-1938,"Cameron County Housing Finance Corporation, The",Cameron County Housing Finance Corporation,HFC,Ch.394,1,True,yes,Additional owner,Harlingen,Cameron,Lewisville,Denton,Completed,None,high,
TX-113-145,"Cameron County Housing Finance Corporation, The",Cameron County Housing Finance Corporation,HFC,Ch.394,1,True,yes,Additional owner,Harlingen,Cameron,Corpus Christi,Nueces,Completed,None,high,
TX-113-122,"Cameron County Housing Finance Corporation, The",Cameron County Housing Finance Corporation,HFC,Ch.394,1,True,yes,Additional owner,Harlingen,Cameron,Corpus Christi,Nueces,Completed,None,high,
TX-113-1569,"Cameron County Housing Finance Corporation, The",Cameron County Housing Finance Corporation,HFC,Ch.394,1,True,yes,Additional owner,Harlingen,Cameron,Corpus Christi,Nueces,Completed,All,high,
TX-61-1675,"Cameron County Housing Finance Corporation, The",Cameron County Housing Finance Corporation,HFC,Ch.394,1,True,yes,Primary Owner,Harlingen,Cameron,San Antonio,Bexar,Completed,All,high,2023-03-29
TX-36-370218,"Cameron County Housing Finance Corporation, The",Cameron County Housing Finance Corporation,HFC,Ch.394,1,True,yes,Additional owner,Harlingen,Cameron,Austin,Travis,Completed,All,high,
TX-37-772,"Cameron County Housing Finance Corporation, The",Cameron County Housing Finance Corporation,HFC,Ch.394,1,True,yes,Additional owner,Harlingen,Cameron,Dallas,Dallas,Completed,None,high,
TX-37-7585,"Cameron County Housing Finance Corporation, The",Cameron County Housing Finance Corporation,HFC,Ch.394,1,True,yes,Ground Leasor,Harlingen,Cameron,Dallas,Dallas,Completed,All,high,
TX-37-8332,"Cameron County Housing Finance Corporation, The",Cameron County Housing Finance Corporation,HFC,Ch.394,1,True,yes,Ground Leasor,Harlingen,Cameron,McKinney,Collin,Under Construction,All,high,
TX-38-2135,"Cameron County Housing Finance Corporation, The",Cameron County Housing Finance Corporation,HFC,Ch.394,1,True,yes,Ground Leasor,Harlingen,Cameron,Fort Worth,Tarrant,Completed,All,high,
TX-43-592,"Cameron County Housing Finance Corporation, The",Cameron County Housing Finance Corporation,HFC,Ch.394,1,True,yes,Ground Leasor,Harlingen,Cameron,Dallas,Dallas,Completed,All,high,
TX-62-878,"Cameron County Housing Finance Corporation, The",Cameron County Housing Finance Corporation,HFC,Ch.394,1,True,yes,Ground Leasor,Harlingen,Cameron,Hitchcock,Galveston,Completed,All,high,
TX-215-1546292,"Cameron County Housing Finance Corporation, The",Cameron County Housing Finance Corporation,HFC,Ch.394,1,True,yes,Ground Leasor,Harlingen,Cameron,Port Arthur,Jefferson,Completed,All,high,
TX-63-3909,"Cameron County Housing Finance Corporation, The",Cameron County Housing Finance Corporation,HFC,Ch.394,1,True,yes,Ground Leasor,Harlingen,Cameron,Houston,Harris,Completed,None,high,
TX-63-2783,Edcouch Community Housing Finance Corporation,Edcouch Community Housing Finance Corporation,HFC,Ch.394,1,True,yes,Ground Leasor,Edcouch,Hidalgo,Houston,Harris,Completed,None,high,
TX-43-1510,Edcouch Community Housing Finance Corporation,Edcouch Community Housing Finance Corporation,HFC,Ch.394,1,True,yes,Additional owner,Edcouch,Hidalgo,Irving,Dallas,Completed,None,high,
TX-62-2746,Edcouch Community Housing Finance Corporation,Edcouch Community Housing Finance Corporation,HFC,Ch.394,1,True,yes,Ground Leasor,Edcouch,Hidalgo,Houston,Harris,Completed,None,high,
TX-61-1653,Edcouch Community Housing Finance Corporation,Edcouch Community Housing Finance Corporation,HFC,Ch.394,1,True,yes,Ground Leasor,Edcouch,Hidalgo,San Antonio,Bexar,Completed,None,high,
TX-61-1237,Edcouch Community Housing Finance Corporation,Edcouch Community Housing Finance Corporation,HFC,Ch.394,1,True,yes,Ground Leasor,Edcouch,Hidalgo,San Antonio,Bexar,Completed,None,high,
TX-62-3777,Edcouch Community Housing Finance Corporation,Edcouch Community Housing Finance Corporation,HFC,Ch.394,1,True,yes,Ground Leasor,Edcouch,Hidalgo,Houston,Harris,Completed,None,high,
TX-62-4006,Edcouch Community Housing Finance Corporation,Edcouch Community Housing Finance Corporation,HFC,Ch.394,1,True,yes,Ground Leasor,Edcouch,Hidalgo,Houston,Harris,Completed,None,high,
TX-63-3978,Edcouch Community Housing Finance Corporation,Edcouch Community Housing Finance Corporation,HFC,Ch.394,1,True,yes,Ground Leasor,Edcouch,Hidalgo,Houston,Harris,Completed,None,high,
TX-61-1757,Edcouch Community Housing Finance Corporation,Edcouch Community Housing Finance Corporation,HFC,Ch.394,1,True,yes,Ground Leasor,Edcouch,Hidalgo,San Antonio,Bexar,Completed,None,high,
TX-61-531,Edcouch Community Housing Finance Corporation,Edcouch Community Housing Finance Corporation,HFC,Ch.394,1,True,yes,Ground Leasor,Edcouch,Hidalgo,San Antonio,Bexar,Completed,None,high,
TX-62-593,Edcouch Community Housing Finance Corporation,Edcouch Community Housing Finance Corporation,HFC,Ch.394,1,True,yes,Ground Leasor,Edcouch,Hidalgo,Houston,Harris,Completed,None,high,
TX-36-1345319,Edcouch Community Housing Finance Corporation,Edcouch Community Housing Finance Corporation,HFC,Ch.394,1,True,yes,Ground Leasor,Edcouch,Hidalgo,Austin,Travis,Completed,None,high,
TX-38-2732,Edcouch Community Housing Finance Corporation,Edcouch Community Housing Finance Corporation,HFC,Ch.394,1,True,yes,Ground Leasor,Edcouch,Hidalgo,Fort Worth,Tarrant,Completed,None,high,
TX-38-1487,Edcouch Community Housing Finance Corporation,Edcouch Community Housing Finance Corporation,HFC,Ch.394,1,True,yes,Additional owner,Edcouch,Hidalgo,Euless,Tarrant,Completed,All,high,
TX-43-3829,Edcouch Community Housing Finance Corporation,Edcouch Community Housing Finance Corporation,HFC,Ch.394,1,True,yes,Additional owner,Edcouch,Hidalgo,Dallas,Dallas,Completed,All,high,
TX-43-3702,Edcouch Community Housing Finance Corporation,Edcouch Community Housing Finance Corporation,HFC,Ch.394,1,True,yes,Ground Leasor,Edcouch,Hidalgo,Garland,Dallas,Completed,None,high,
TX-36-1228395,Edcouch Community Housing Finance Corporation,Edcouch Community Housing Finance Corporation,HFC,Ch.394,1,True,yes,Ground Leasor,Edcouch,Hidalgo,Pflugerville,Travis,Completed,None,high,
TX-36-1273141,Edcouch Community Housing Finance Corporation,Edcouch Community Housing Finance Corporation,HFC,Ch.394,1,True,yes,Additional owner,Edcouch,Hidalgo,Dripping Springs,Hays,Completed,All,high,
TX-37-1228308,Garland Housing Finance Corporation,Garland Housing Finance Corporation,HFC,Ch.394,1,True,yes,Additional owner,Garland,Dallas,Allen,Collin,Completed,All,high,
TX-37-1314,Garland Housing Finance Corporation,Garland Housing Finance Corporation,HFC,Ch.394,1,True,yes,Ground Leasor,Garland,Dallas,Carrollton,Dallas,Completed,None,high,
TX-38-1154678,Garland Housing Finance Corporation,Garland Housing Finance Corporation,HFC,Ch.394,1,True,yes,Additional owner,Garland,Dallas,Fort Worth,Tarrant,Completed,All,high,
TX-37-1480322,Garland Housing Finance Corporation,Garland Housing Finance Corporation,HFC,Ch.394,1,True,yes,Primary Owner,Garland,Dallas,Plano,Collin,Completed,Partial,high,
TX-63-1274045,Houston Housing Authority,Houston Housing Authority,HA,Ch.392,3,False,yes,Ground Leasor,Houston,Harris,Richmond,Fort Bend,Completed,None,med,
TX-62-1323501,Houston Housing Authority,Houston Housing Authority,HA,Ch.392,3,False,no,Additional owner,Houston,Harris,Friendswood,Harris,Completed,Partial,med,
TX-63-5629,Houston Housing Authority,Houston Housing Authority,HA,Ch.392,3,False,no,Ground Leasor,Houston,Harris,Spring,Harris,Completed,Partial,med,
TX-63-939583,Houston Housing Authority,Houston Housing Authority,HA,Ch.392,3,False,no,Ground Leasor,Houston,Harris,Katy,Harris,Completed,Partial,med,
TX-63-1480419,Houston Housing Authority,Houston Housing Authority,HA,Ch.392,3,False,no,Primary Owner,Houston,Harris,Katy,Harris,Under Construction,Partial,med,
TX-62-4408,Houston Housing Authority,Houston Housing Authority,HA,Ch.392,3,False,yes,Additional owner,Houston,Harris,Kingwood,Montgomery,Completed,None,med,
TX-62-940094,Houston Housing Authority,Houston Housing Authority,HA,Ch.392,3,False,yes,Ground Leasor,Houston,Harris,Spring,Montgomery,Completed,Partial,med,
TX-62-1154856,Houston Housing Authority,Houston Housing Authority,HA,Ch.392,3,False,no,Additional owner,Houston,Harris,Humble,Harris,Completed,Partial,med,
TX-62-1393784,Houston Housing Authority,Houston Housing Authority,HA,Ch.392,3,False,no,Additional owner,Houston,Harris,Spring,Harris,Completed,All,med,
TX-63-1155169,Houston Housing Authority,Houston Housing Authority,HA,Ch.392,3,False,no,Ground Leasor,Houston,Harris,Spring,Harris,Completed,Partial,med,2024-03-27
TX-63-1478844,Houston Housing Authority,Houston Housing Authority,HA,Ch.392,3,False,no,Ground Leasor,Houston,Harris,Spring,Harris,Under Construction,All,med,
TX-62-4391,Houston Housing Authority,Houston Housing Authority,HA,Ch.392,3,False,no,Additional owner,Houston,Harris,Humble,Harris,Completed,None,med,
TX-63-5940,Houston Housing Authority,Houston Housing Authority,HA,Ch.392,3,False,no,Ground Leasor,Houston,Harris,Katy,Harris,Completed,None,med,
TX-63-3477,Houston Housing Authority,Houston Housing Authority,HA,Ch.392,3,False,no,Primary Owner,Houston,Harris,Katy,Harris,Completed,All,med,2025-07-09
TX-63-1411582,Houston Housing Authority,Houston Housing Authority,HA,Ch.392,3,False,no,Primary Owner,Houston,Harris,Spring,Harris,Under Construction,All,med,
TX-62-1543349,Houston Housing Authority,Houston Housing Authority,HA,Ch.392,3,False,no,Primary Owner,Houston,Harris,Humble,Harris,Under Construction,All,med,
TX-63-1418663,Houston Housing Authority,Houston Housing Authority,HA,Ch.392,3,False,yes,Ground Leasor,Houston,Harris,Richmond,Fort Bend,Completed,Partial,med,
TX-63-1418664,Houston Housing Authority,Houston Housing Authority,HA,Ch.392,3,False,no,Ground Leasor,Houston,Harris,Spring,Harris,Completed,Partial,med,
TX-63-2405,Houston Housing Authority,Houston Housing Authority,HA,Ch.392,3,False,no,Ground Leasor,Houston,Harris,Cypress,Harris,Completed,None,med,
TX-37-1116,La Villa Housing Finance Corporation,La Villa Housing Finance Corporation,HFC,Ch.394,1,True,yes,Additional owner,La Villa,Hidalgo,Dallas,Dallas,Completed,None,high,
TX-37-4164,La Villa Housing Finance Corporation,La Villa Housing Finance Corporation,HFC,Ch.394,1,True,yes,Additional owner,La Villa,Hidalgo,Allen,Collin,Completed,None,high,
TX-37-4241,La Villa Housing Finance Corporation,La Villa Housing Finance Corporation,HFC,Ch.394,1,True,yes,Additional owner,La Villa,Hidalgo,Dallas,Dallas,Completed,None,high,
TX-37-4277,La Villa Housing Finance Corporation,La Villa Housing Finance Corporation,HFC,Ch.394,1,True,yes,Additional owner,La Villa,Hidalgo,Dallas,Dallas,Completed,None,high,
TX-37-4278,La Villa Housing Finance Corporation,La Villa Housing Finance Corporation,HFC,Ch.394,1,True,yes,Additional owner,La Villa,Hidalgo,Dallas,Dallas,Completed,None,high,
TX-63-1159,La Villa Housing Finance Corporation,La Villa Housing Finance Corporation,HFC,Ch.394,1,True,yes,Ground Leasor,La Villa,Hidalgo,Houston,Harris,Completed,None,high,
TX-36-927014,La Villa Housing Finance Corporation,La Villa Housing Finance Corporation,HFC,Ch.394,1,True,yes,Ground Leasor,La Villa,Hidalgo,Austin,Travis,Completed,None,high,
TX-37-563,La Villa Housing Finance Corporation,La Villa Housing Finance Corporation,HFC,Ch.394,1,True,yes,Ground Leasor,La Villa,Hidalgo,Dallas,Dallas,Completed,None,high,
TX-37-564,La Villa Housing Finance Corporation,La Villa Housing Finance Corporation,HFC,Ch.394,1,True,yes,Ground Leasor,La Villa,Hidalgo,Dallas,Dallas,Completed,None,high,
TX-37-567,La Villa Housing Finance Corporation,La Villa Housing Finance Corporation,HFC,Ch.394,1,True,yes,Ground Leasor,La Villa,Hidalgo,Dallas,Dallas,Completed,Partial,high,
TX-37-568,La Villa Housing Finance Corporation,La Villa Housing Finance Corporation,HFC,Ch.394,1,True,yes,Ground Leasor,La Villa,Hidalgo,Dallas,Dallas,Completed,All,high,
TX-37-570,La Villa Housing Finance Corporation,La Villa Housing Finance Corporation,HFC,Ch.394,1,True,yes,Ground Leasor,La Villa,Hidalgo,Dallas,Dallas,Completed,None,high,
TX-38-850,La Villa Housing Finance Corporation,La Villa Housing Finance Corporation,HFC,Ch.394,1,True,yes,Ground Leasor,La Villa,Hidalgo,Fort Worth,Tarrant,Completed,None,high,
TX-38-1456,La Villa Housing Finance Corporation,La Villa Housing Finance Corporation,HFC,Ch.394,1,True,yes,Additional owner,La Villa,Hidalgo,Arlington,Tarrant,Completed,None,high,
TX-38-2304,La Villa Housing Finance Corporation,La Villa Housing Finance Corporation,HFC,Ch.394,1,True,yes,Ground Leasor,La Villa,Hidalgo,Fort Worth,Tarrant,Completed,None,high,
TX-43-496,La Villa Housing Finance Corporation,La Villa Housing Finance Corporation,HFC,Ch.394,1,True,yes,Ground Leasor,La Villa,Hidalgo,Dallas,Dallas,Completed,None,high,
TX-43-498,La Villa Housing Finance Corporation,La Villa Housing Finance Corporation,HFC,Ch.394,1,True,yes,Ground Leasor,La Villa,Hidalgo,Dallas,Dallas,Completed,All,high,
TX-63-3956,La Villa Housing Finance Corporation,La Villa Housing Finance Corporation,HFC,Ch.394,1,True,yes,Ground Leasor,La Villa,Hidalgo,Houston,Harris,Completed,None,high,
TX-43-1340126,La Villa Housing Finance Corporation,La Villa Housing Finance Corporation,HFC,Ch.394,1,True,yes,Ground Leasor,La Villa,Hidalgo,Dallas,Dallas,Completed,None,high,
TX-63-4688,La Villa Housing Finance Corporation,La Villa Housing Finance Corporation,HFC,Ch.394,1,True,yes,Ground Leasor,La Villa,Hidalgo,Houston,Harris,Completed,None,high,
TX-62-3419,La Villa Housing Finance Corporation,La Villa Housing Finance Corporation,HFC,Ch.394,1,True,yes,Additional owner,La Villa,Hidalgo,Kingwood,Harris,Completed,None,high,
TX-61-250,La Villa Housing Finance Corporation,La Villa Housing Finance Corporation,HFC,Ch.394,1,True,yes,Ground Leasor,La Villa,Hidalgo,San Antonio,Bexar,Completed,None,high,
TX-63-3828,Maverick County Housing Finance Corporation,Maverick County Housing Finance Corporation,HFC,Ch.394,1,True,yes,Ground Leasor,Eagle Pass,Maverick,Houston,Harris,Completed,None,high,
TX-63-2255,Maverick County Housing Finance Corporation,Maverick County Housing Finance Corporation,HFC,Ch.394,1,True,yes,Additional owner,Eagle Pass,Maverick,The Woodlands,Montgomery,Completed,None,high,
TX-63-2840,Maverick County Housing Finance Corporation,Maverick County Housing Finance Corporation,HFC,Ch.394,1,True,yes,Additional owner,Eagle Pass,Maverick,Houston,Harris,Completed,None,high,
TX-63-3939,Maverick County Housing Finance Corporation,Maverick County Housing Finance Corporation,HFC,Ch.394,1,True,yes,Ground Leasor,Eagle Pass,Maverick,The Woodlands,Montgomery,Completed,None,high,
TX-61-2718,Maverick County Housing Finance Corporation,Maverick County Housing Finance Corporation,HFC,Ch.394,1,True,yes,Ground Leasor,Eagle Pass,Maverick,San Antonio,Bexar,Completed,None,high,
TX-63-393758,Maverick County Housing Finance Corporation,Maverick County Housing Finance Corporation,HFC,Ch.394,1,True,yes,Ground Leasor,Eagle Pass,Maverick,Houston,Harris,Completed,None,high,
TX-43-3448,Maverick County Housing Finance Corporation,Maverick County Housing Finance Corporation,HFC,Ch.394,1,True,yes,Ground Leasor,Eagle Pass,Maverick,Dallas,Dallas,Completed,All,high,
TX-43-3798,Maverick County Housing Finance Corporation,Maverick County Housing Finance Corporation,HFC,Ch.394,1,True,yes,Ground Leasor,Eagle Pass,Maverick,Dallas,Dallas,Completed,All,high,
TX-37-1180,Maverick County Housing Finance Corporation,Maverick County Housing Finance Corporation,HFC,Ch.394,1,True,yes,Ground Leasor,Eagle Pass,Maverick,Dallas,Collin,Completed,None,high,
TX-38-2533,Maverick County Housing Finance Corporation,Maverick County Housing Finance Corporation,HFC,Ch.394,1,True,yes,Ground Leasor,Eagle Pass,Maverick,Roanoke,Tarrant,Completed,None,high,
TX-63-2651,Maverick County Housing Finance Corporation,Maverick County Housing Finance Corporation,HFC,Ch.394,1,True,yes,Ground Leasor,Eagle Pass,Maverick,Houston,Harris,Completed,None,high,
TX-61-1394163,Maverick County Housing Finance Corporation,Maverick County Housing Finance Corporation,HFC,Ch.394,1,True,yes,Ground Leasor,Eagle Pass,Maverick,San Antonio,Bexar,Completed,None,high,
TX-38-2606,Maverick County Housing Finance Corporation,Maverick County Housing Finance Corporation,HFC,Ch.394,1,True,yes,Ground Leasor,Eagle Pass,Maverick,Fort Worth,Tarrant,Completed,None,high,
TX-38-1184276,Maverick County Housing Finance Corporation,Maverick County Housing Finance Corporation,HFC,Ch.394,1,True,yes,Ground Leasor,Eagle Pass,Maverick,Crowley,Tarrant,Completed,None,high,
TX-38-2289,Maverick County Housing Finance Corporation,Maverick County Housing Finance Corporation,HFC,Ch.394,1,True,yes,Additional owner,Eagle Pass,Maverick,Fort Worth,Tarrant,Completed,None,high,
TX-63-1358163,Maverick County Housing Finance Corporation,Maverick County Housing Finance Corporation,HFC,Ch.394,1,True,yes,Primary Owner,Eagle Pass,Maverick,Rosenberg,Fort Bend,Under Construction,NULL,high,
TX-38-2748,Maverick County Housing Finance Corporation,Maverick County Housing Finance Corporation,HFC,Ch.394,1,True,yes,Ground Leasor,Eagle Pass,Maverick,Fort Worth,Tarrant,Completed,None,high,
TX-37-369642,Maverick County Housing Finance Corporation,Maverick County Housing Finance Corporation,HFC,Ch.394,1,True,yes,Additional owner,Eagle Pass,Maverick,Mckinney,Collin,Completed,None,high,
TX-36-861336,Pecos Housing Authority,Pecos Housing Finance Corporation,HFC,Ch.394,1,True,yes,Additional owner,Pecos,Reeves,San Marcos,Hays,Completed,None,high,
TX-36-1508,Pecos Housing Authority,Pecos Housing Finance Corporation,HFC,Ch.394,1,True,yes,Additional owner,Pecos,Reeves,Austin,Travis,Completed,None,high,
TX-43-1614,Pecos Housing Authority,Pecos Housing Finance Corporation,HFC,Ch.394,1,True,yes,Additional owner,Pecos,Reeves,Irving,Dallas,Completed,None,high,
TX-37-1315615,Pecos Housing Authority,Pecos Housing Finance Corporation,HFC,Ch.394,1,True,yes,Additional owner,Pecos,Reeves,Dallas,Dallas,Completed,None,high,
TX-37-1315617,Pecos Housing Authority,Pecos Housing Finance Corporation,HFC,Ch.394,1,True,yes,Additional owner,Pecos,Reeves,Dallas,Dallas,Completed,All,high,
TX-37-1315618,Pecos Housing Authority,Pecos Housing Finance Corporation,HFC,Ch.394,1,True,yes,Additional owner,Pecos,Reeves,Dallas,Dallas,Completed,All,high,
TX-37-1315619,Pecos Housing Authority,Pecos Housing Finance Corporation,HFC,Ch.394,1,True,yes,Additional owner,Pecos,Reeves,Dallas,Dallas,Completed,All,high,
TX-37-1315620,Pecos Housing Authority,Pecos Housing Finance Corporation,HFC,Ch.394,1,True,yes,Additional owner,Pecos,Reeves,Dallas,Dallas,Completed,None,high,
TX-38-1111,Pecos Housing Authority,Pecos Housing Finance Corporation,HFC,Ch.394,1,True,yes,Additional owner,Pecos,Reeves,North Richland Hills,Tarrant,Completed,None,high,
TX-62-2985,Pecos Housing Authority,Pecos Housing Finance Corporation,HFC,Ch.394,1,True,yes,Additional owner,Pecos,Reeves,Humble,Harris,Completed,None,high,
TX-63-4046,Pecos Housing Authority,Pecos Housing Finance Corporation,HFC,Ch.394,1,True,yes,Additional owner,Pecos,Reeves,Houston,Harris,Completed,None,high,
TX-37-826,Pecos Housing Authority,Pecos Housing Finance Corporation,HFC,Ch.394,1,True,yes,Additional owner,Pecos,Reeves,Dallas,Dallas,Completed,None,high,
TX-63-4079,Pecos Housing Authority,Pecos Housing Finance Corporation,HFC,Ch.394,1,True,yes,Additional owner,Pecos,Reeves,Houston,Harris,Completed,None,high,
TX-36-1194,Pecos Housing Authority,Pecos Housing Finance Corporation,HFC,Ch.394,1,True,yes,Additional owner,Pecos,Reeves,Austin,Travis,Completed,All,high,
TX-38-2281,Pecos Housing Authority,Pecos Housing Finance Corporation,HFC,Ch.394,1,True,yes,Additional owner,Pecos,Reeves,Fort Worth,Tarrant,Completed,None,high,
TX-43-712,Pecos Housing Authority,Pecos Housing Finance Corporation,HFC,Ch.394,1,True,yes,Additional owner,Pecos,Reeves,Dallas,Dallas,Completed,None,high,
TX-36-377618,Pecos Housing Authority,Pecos Housing Finance Corporation,HFC,Ch.394,1,True,yes,Additional owner,Pecos,Reeves,Austin,Travis,Completed,All,high,
TX-38-740,Pecos Housing Authority,Pecos Housing Finance Corporation,HFC,Ch.394,1,True,yes,Additional owner,Pecos,Reeves,Fort Worth,Tarrant,Completed,None,high,
TX-38-931,Pecos Housing Authority,Pecos Housing Finance Corporation,HFC,Ch.394,1,True,yes,Additional owner,Pecos,Reeves,Fort Worth,Tarrant,Completed,None,high,
TX-37-1089,Pecos Housing Authority,Pecos Housing Finance Corporation,HFC,Ch.394,1,True,yes,Additional owner,Pecos,Reeves,Dallas,Dallas,Completed,None,high,
TX-37-1415,Pecos Housing Authority,Pecos Housing Finance Corporation,HFC,Ch.394,1,True,yes,Additional owner,Pecos,Reeves,Garland,Dallas,Completed,None,high,
TX-37-3204,Pecos Housing Authority,Pecos Housing Finance Corporation,HFC,Ch.394,1,True,yes,Additional owner,Pecos,Reeves,McKinney,Collin,Completed,None,high,
TX-37-3376,Pecos Housing Authority,Pecos Housing Finance Corporation,HFC,Ch.394,1,True,yes,Additional owner,Pecos,Reeves,Dallas,Dallas,Completed,None,high,
TX-38-854,Pecos Housing Authority,Pecos Housing Finance Corporation,HFC,Ch.394,1,True,yes,Additional owner,Pecos,Reeves,Haltom City,Tarrant,Completed,None,high,
TX-38-862,Pecos Housing Authority,Pecos Housing Finance Corporation,HFC,Ch.394,1,True,yes,Additional owner,Pecos,Reeves,Benbrook,Tarrant,Completed,None,high,
TX-38-865,Pecos Housing Authority,Pecos Housing Finance Corporation,HFC,Ch.394,1,True,yes,Additional owner,Pecos,Reeves,Benbrook,Tarrant,Completed,None,high,
TX-38-2188,Pecos Housing Authority,Pecos Housing Finance Corporation,HFC,Ch.394,1,True,yes,Additional owner,Pecos,Reeves,Fort Worth,Tarrant,Completed,None,high,
TX-43-1005,Pecos Housing Authority,Pecos Housing Finance Corporation,HFC,Ch.394,1,True,yes,Additional owner,Pecos,Reeves,Dallas,Dallas,Completed,None,high,
TX-43-1523,Pecos Housing Authority,Pecos Housing Finance Corporation,HFC,Ch.394,1,True,yes,Additional owner,Pecos,Reeves,Irving,Dallas,Completed,None,high,
TX-38-1154934,Pecos Housing Authority,Pecos Housing Finance Corporation,HFC,Ch.394,1,True,yes,Additional owner,Pecos,Reeves,White Settlement,Tarrant,Completed,None,high,
TX-37-1473208,Pecos Housing Authority,Pecos Housing Finance Corporation,HFC,Ch.394,1,True,yes,Additional owner,Pecos,Reeves,Mesquite,Dallas,Completed,None,high,
TX-61-2092,Pecos Housing Authority,Pecos Housing Finance Corporation,HFC,Ch.394,1,True,yes,Ground Leasor,Pecos,Reeves,San Antonio,Bexar,Completed,None,high,
TX-38-864,Pecos Housing Authority,Pecos Housing Finance Corporation,HFC,Ch.394,1,True,yes,Additional owner,Pecos,Reeves,Benbrook,Tarrant,Completed,None,high,
TX-38-867,Pecos Housing Authority,Pecos Housing Finance Corporation,HFC,Ch.394,1,True,yes,Additional owner,Pecos,Reeves,Benbrook,Tarrant,Completed,None,high,
TX-63-2940,Pecos Housing Authority,Pecos Housing Finance Corporation,HFC,Ch.394,1,True,yes,Additional owner,Pecos,Reeves,Houston,Harris,Completed,None,high,
TX-63-2512,Pecos Housing Authority,Pecos Housing Finance Corporation,HFC,Ch.394,1,True,yes,Additional owner,Pecos,Reeves,Houston,Harris,Completed,All,high,
TX-63-2539,Pecos Housing Authority,Pecos Housing Finance Corporation,HFC,Ch.394,1,True,yes,Additional owner,Pecos,Reeves,Houston,Harris,Completed,None,high,
TX-38-1179,Pecos Housing Authority,Pecos Housing Finance Corporation,HFC,Ch.394,1,True,yes,Additional owner,Pecos,Reeves,Fort Worth,Tarrant,Completed,None,high,
TX-43-1065,Pecos Housing Authority,Pecos Housing Finance Corporation,HFC,Ch.394,1,True,yes,Primary Owner,Pecos,Reeves,Dallas,Dallas,Completed,All,high,2025-04-29
TX-36-1604,Pecos Housing Authority,Pecos Housing Finance Corporation,HFC,Ch.394,1,True,yes,Ground Leasor,Pecos,Reeves,Austin,Travis,Completed,None,high,
TX-38-2407,Pecos Housing Authority,Pecos Housing Finance Corporation,HFC,Ch.394,1,True,yes,Ground Leasor,Pecos,Reeves,North Richland Hills,Tarrant,Completed,None,high,
TX-63-2404,Pecos Housing Authority,Pecos Housing Finance Corporation,HFC,Ch.394,1,True,yes,Ground Leasor,Pecos,Reeves,Cypress,Harris,Completed,None,high,
TX-63-4053,Pecos Housing Authority,Pecos Housing Finance Corporation,HFC,Ch.394,1,True,yes,Additional owner,Pecos,Reeves,Houston,Harris,Completed,None,high,
TX-61-1487,Pecos Housing Authority,Pecos Housing Finance Corporation,HFC,Ch.394,1,True,yes,Additional owner,Pecos,Reeves,San Antonio,Bexar,Completed,None,high,
TX-61-557312,Pecos Housing Authority,Pecos Housing Finance Corporation,HFC,Ch.394,1,True,yes,Additional owner,Pecos,Reeves,Leon Valley,Bexar,Completed,None,high,
TX-62-2327,Pecos Housing Authority,Pecos Housing Finance Corporation,HFC,Ch.394,1,True,yes,Additional owner,Pecos,Reeves,Baytown,Harris,Completed,None,high,
TX-62-3511,Pecos Housing Authority,Pecos Housing Finance Corporation,HFC,Ch.394,1,True,yes,Additional owner,Pecos,Reeves,Houston,Harris,Completed,None,high,
TX-62-3875,Pecos Housing Authority,Pecos Housing Finance Corporation,HFC,Ch.394,1,True,yes,Additional owner,Pecos,Reeves,Houston,Harris,Completed,None,high,
TX-63-7604,Pecos Housing Authority,Pecos Housing Finance Corporation,HFC,Ch.394,1,True,yes,Additional owner,Pecos,Reeves,Houston,Harris,Completed,None,high,
TX-38-1744,Pecos Housing Authority,Pecos Housing Finance Corporation,HFC,Ch.394,1,True,yes,Additional owner,Pecos,Reeves,North Richland Hills,Tarrant,Completed,None,high,
TX-38-2295,Pecos Housing Authority,Pecos Housing Finance Corporation,HFC,Ch.394,1,True,yes,Primary Owner,Pecos,Reeves,Grapevine,Tarrant,Completed,None,high,2025-04-30
TX-38-674329,Pecos Housing Authority,Pecos Housing Finance Corporation,HFC,Ch.394,1,True,yes,Additional owner,Pecos,Reeves,Burleson,Johnson,Completed,None,high,
TX-38-1483823,Pecos Housing Authority,Pecos Housing Finance Corporation,HFC,Ch.394,1,True,yes,Additional owner,Pecos,Reeves,Fort Worth,Tarrant,Completed,None,high,
TX-38-1502285,Pecos Housing Authority,Pecos Housing Finance Corporation,HFC,Ch.394,1,True,yes,Additional owner,Pecos,Reeves,Decatur,Wise,Completed,None,high,
TX-38-1518161,Pecos Housing Authority,Pecos Housing Finance Corporation,HFC,Ch.394,1,True,yes,Additional owner,Pecos,Reeves,Cleburne,Johnson,Completed,None,high,
TX-37-939198,Pecos Housing Authority,Pecos Housing Finance Corporation,HFC,Ch.394,1,True,yes,Additional owner,Pecos,Reeves,Dallas,Dallas,Completed,Partial,high,
TX-38-939526,Pecos Housing Authority,Pecos Housing Finance Corporation,HFC,Ch.394,1,True,yes,Additional owner,Pecos,Reeves,Arlington,Tarrant,Completed,None,high,
TX-63-2762,Pecos Housing Authority,Pecos Housing Finance Corporation,HFC,Ch.394,1,True,yes,Additional owner,Pecos,Reeves,Houston,Harris,Completed,None,high,
TX-37-4271,Pecos Housing Authority,Pecos Housing Finance Corporation,HFC,Ch.394,1,True,yes,Additional owner,Pecos,Reeves,Dallas,Dallas,Completed,None,high,
TX-43-1417366,Pecos Housing Authority,Pecos Housing Finance Corporation,HFC,Ch.394,1,True,yes,Additional owner,Pecos,Reeves,Denton,Denton,Under Construction,NULL,high,
TX-38-2158,Pecos Housing Authority,Pecos Housing Finance Corporation,HFC,Ch.394,1,True,yes,Additional owner,Pecos,Reeves,Fort Worth,Tarrant,Completed,Partial,high,
TX-37-1294,Pecos Housing Authority,Pecos Housing Finance Corporation,HFC,Ch.394,1,True,yes,Ground Leasor,Pecos,Reeves,Carrollton,Dallas,Completed,None,high,
TX-63-1618000,Pecos Housing Authority,Pecos Housing Finance Corporation,HFC,Ch.394,1,True,yes,Ground Leasor,Pecos,Reeves,Houston,Harris,Completed,None,high,
TX-63-3602,Pecos Housing Authority,Pecos Housing Finance Corporation,HFC,Ch.394,1,True,yes,Additional owner,Pecos,Reeves,Houston,Harris,Completed,None,high,
TX-63-3968,Pecos Housing Authority,Pecos Housing Finance Corporation,HFC,Ch.394,1,True,yes,Additional owner,Pecos,Reeves,Houston,Harris,Completed,None,high,
TX-37-3624,Pecos Housing Authority,Pecos Housing Finance Corporation,HFC,Ch.394,1,True,yes,Primary Owner,Pecos,Reeves,Dallas,Dallas,Completed,None,high,2025-05-01
TX-63-3422,Pecos Housing Authority,Pecos Housing Finance Corporation,HFC,Ch.394,1,True,yes,Additional owner,Pecos,Reeves,Houston,Harris,Completed,None,high,
TX-38-1260,Pecos Housing Authority,Pecos Housing Finance Corporation,HFC,Ch.394,1,True,yes,Additional owner,Pecos,Reeves,Arlington,Tarrant,Completed,None,high,
TX-37-1155,Pecos Housing Authority,Pecos Housing Finance Corporation,HFC,Ch.394,1,True,yes,Additional owner,Pecos,Reeves,Dallas,Dallas,Completed,None,high,
TX-37-1173,Pecos Housing Authority,Pecos Housing Finance Corporation,HFC,Ch.394,1,True,yes,Additional owner,Pecos,Reeves,Dallas,Dallas,Completed,None,high,
TX-61-1746,Pecos Housing Authority,Pecos Housing Finance Corporation,HFC,Ch.394,1,True,yes,Additional owner,Pecos,Reeves,San Antonio,Bexar,Completed,None,high,
TX-63-2691,Pecos Housing Authority,Pecos Housing Finance Corporation,HFC,Ch.394,1,True,yes,Additional owner,Pecos,Reeves,Houston,Harris,Completed,None,high,
TX-63-3426,Pecos Housing Authority,Pecos Housing Finance Corporation,HFC,Ch.394,1,True,yes,Additional owner,Pecos,Reeves,Houston,Harris,Completed,None,high,
TX-63-769531,Pecos Housing Authority,Pecos Housing Finance Corporation,HFC,Ch.394,1,True,yes,Additional owner,Pecos,Reeves,Houston,Harris,Completed,None,high,
TX-63-1533925,Pecos Housing Authority,Pecos Housing Finance Corporation,HFC,Ch.394,1,True,yes,Additional owner,Pecos,Reeves,Houston,Harris,Completed,NULL,high,
TX-37-696,Pecos Housing Authority,Pecos Housing Finance Corporation,HFC,Ch.394,1,True,yes,Additional owner,Pecos,Reeves,Dallas,Dallas,Completed,None,high,
TX-37-803,Pecos Housing Authority,Pecos Housing Finance Corporation,HFC,Ch.394,1,True,yes,Additional owner,Pecos,Reeves,Dallas,Dallas,Completed,None,high,
TX-37-1111,Pecos Housing Authority,Pecos Housing Finance Corporation,HFC,Ch.394,1,True,yes,Additional owner,Pecos,Reeves,Dallas,Dallas,Completed,None,high,
TX-37-1320,Pecos Housing Authority,Pecos Housing Finance Corporation,HFC,Ch.394,1,True,yes,Additional owner,Pecos,Reeves,Carrollton,Dallas,Completed,None,high,
TX-37-1438,Pecos Housing Authority,Pecos Housing Finance Corporation,HFC,Ch.394,1,True,yes,Additional owner,Pecos,Reeves,Garland,Dallas,Completed,None,high,
TX-37-3117,Pecos Housing Authority,Pecos Housing Finance Corporation,HFC,Ch.394,1,True,yes,Additional owner,Pecos,Reeves,Rockwall,Rockwall,Completed,None,high,
TX-37-3160,Pecos Housing Authority,Pecos Housing Finance Corporation,HFC,Ch.394,1,True,yes,Additional owner,Pecos,Reeves,Plano,Collin,Completed,None,high,
TX-38-2481,Pecos Housing Authority,Pecos Housing Finance Corporation,HFC,Ch.394,1,True,yes,Additional owner,Pecos,Reeves,Arlington,Tarrant,Completed,None,high,
TX-43-1495,Pecos Housing Authority,Pecos Housing Finance Corporation,HFC,Ch.394,1,True,yes,Additional owner,Pecos,Reeves,Irving,Dallas,Completed,None,high,
TX-43-1702,Pecos Housing Authority,Pecos Housing Finance Corporation,HFC,Ch.394,1,True,yes,Additional owner,Pecos,Reeves,Mesquite,Dallas,Completed,None,high,
TX-62-563,Pecos Housing Authority,Pecos Housing Finance Corporation,HFC,Ch.394,1,True,yes,Additional owner,Pecos,Reeves,Houston,Harris,Completed,None,high,
TX-63-2997,Pecos Housing Authority,Pecos Housing Finance Corporation,HFC,Ch.394,1,True,yes,Additional owner,Pecos,Reeves,Katy,Harris,Completed,None,high,
TX-63-3356,Pecos Housing Authority,Pecos Housing Finance Corporation,HFC,Ch.394,1,True,yes,Additional owner,Pecos,Reeves,Houston,Harris,Completed,None,high,
TX-37-4378,Pecos Housing Authority,Pecos Housing Finance Corporation,HFC,Ch.394,1,True,yes,Additional owner,Pecos,Reeves,Allen,Collin,Completed,None,high,
TX-37-680,Pecos Housing Authority,Pecos Housing Finance Corporation,HFC,Ch.394,1,True,yes,Ground Leasor,Pecos,Reeves,Dallas,Dallas,Completed,None,high,
TX-43-613,Pecos Housing Authority,Pecos Housing Finance Corporation,HFC,Ch.394,1,True,yes,Additional owner,Pecos,Reeves,Dallas,Dallas,Completed,None,high,
TX-43-1625,Pecos Housing Authority,Pecos Housing Finance Corporation,HFC,Ch.394,1,True,yes,Additional owner,Pecos,Reeves,Irving,Dallas,Completed,None,high,
TX-36-1179,Pecos Housing Authority,Pecos Housing Finance Corporation,HFC,Ch.394,1,True,yes,Additional owner,Pecos,Reeves,Austin,Travis,Completed,None,high,
TX-37-1236,Pecos Housing Authority,Pecos Housing Finance Corporation,HFC,Ch.394,1,True,yes,Ground Leasor,Pecos,Reeves,Dallas,Denton,Completed,None,high,
TX-38-2879,Pecos Housing Authority,Pecos Housing Finance Corporation,HFC,Ch.394,1,True,yes,Additional owner,Pecos,Reeves,Fort Worth,Tarrant,Completed,All,high,
TX-61-1383,Pecos Housing Authority,Pecos Housing Finance Corporation,HFC,Ch.394,1,True,yes,Additional owner,Pecos,Reeves,New Braunfels,Comal,Completed,None,high,
TX-37-7551,Pecos Housing Authority,Pecos Housing Finance Corporation,HFC,Ch.394,1,True,yes,Additional owner,Pecos,Reeves,Aubrey,Denton,Completed,None,high,
TX-37-1153309,Pecos Housing Authority,Pecos Housing Finance Corporation,HFC,Ch.394,1,True,yes,Ground Leasor,Pecos,Reeves,Rowlett,Dallas,Completed,None,high,
TX-43-1153801,Pecos Housing Authority,Pecos Housing Finance Corporation,HFC,Ch.394,1,True,yes,Additional owner,Pecos,Reeves,Grand Prairie,Dallas,Completed,None,high,
TX-38-1307454,Pecos Housing Authority,Pecos Housing Finance Corporation,HFC,Ch.394,1,True,yes,Additional owner,Pecos,Reeves,Haltom City,Tarrant,Completed,All,high,
TX-38-818,Pecos Housing Authority,Pecos Housing Finance Corporation,HFC,Ch.394,1,True,yes,Additional owner,Pecos,Reeves,Fort Worth,Tarrant,Completed,None,high,
TX-38-2280,Pecos Housing Authority,Pecos Housing Finance Corporation,HFC,Ch.394,1,True,yes,Primary Owner,Pecos,Reeves,Fort Worth,Tarrant,Completed,None,high,2025-01-16
TX-38-2293,Pecos Housing Authority,Pecos Housing Finance Corporation,HFC,Ch.394,1,True,yes,Primary Owner,Pecos,Reeves,Fort Worth,Tarrant,Completed,None,high,2025-01-16
TX-61-384,Pecos Housing Authority,Pecos Housing Finance Corporation,HFC,Ch.394,1,True,yes,Primary Owner,Pecos,Reeves,San Antonio,Bexar,Completed,None,high,2025-01-13
TX-61-1321,Pecos Housing Authority,Pecos Housing Finance Corporation,HFC,Ch.394,1,True,yes,Primary Owner,Pecos,Reeves,San Antonio,Bexar,Completed,None,high,2025-01-13
TX-38-1661,Pecos Housing Authority,Pecos Housing Finance Corporation,HFC,Ch.394,1,True,yes,Ground Leasor,Pecos,Reeves,Fort Worth,Tarrant,Completed,None,high,
TX-62-3376,Pecos Housing Authority,Pecos Housing Finance Corporation,HFC,Ch.394,1,True,yes,Ground Leasor,Pecos,Reeves,Houston,Harris,Completed,None,high,
TX-63-2765,Pecos Housing Authority,Pecos Housing Finance Corporation,HFC,Ch.394,1,True,yes,Ground Leasor,Pecos,Reeves,Cypress,Harris,Completed,None,high,
TX-63-3331,Pecos Housing Authority,Pecos Housing Finance Corporation,HFC,Ch.394,1,True,yes,Additional owner,Pecos,Reeves,Houston,Harris,Completed,None,high,
TX-63-4066,Pecos Housing Authority,Pecos Housing Finance Corporation,HFC,Ch.394,1,True,yes,Ground Leasor,Pecos,Reeves,Houston,Harris,Completed,None,high,
TX-63-1562762,Pecos Housing Authority,Pecos Housing Finance Corporation,HFC,Ch.394,1,True,yes,Ground Leasor,Pecos,Reeves,Houston,Harris,Completed,None,high,
TX-36-1875,Pecos Housing Authority,Pecos Housing Finance Corporation,HFC,Ch.394,1,True,yes,Additional owner,Pecos,Reeves,Austin,Travis,Completed,None,high,
TX-43-1479,Pecos Housing Authority,Pecos Housing Finance Corporation,HFC,Ch.394,1,True,yes,Additional owner,Pecos,Reeves,Irving,Dallas,Completed,None,high,
TX-62-3993,Pecos Housing Authority,Pecos Housing Finance Corporation,HFC,Ch.394,1,True,yes,Additional owner,Pecos,Reeves,Houston,Harris,Completed,None,high,
TX-43-1324461,Pecos Housing Authority,Pecos Housing Finance Corporation,HFC,Ch.394,1,True,yes,Additional owner,Pecos,Reeves,Dallas,Dallas,Completed,None,high,
TX-36-1403,Pecos Housing Authority,Pecos Housing Finance Corporation,HFC,Ch.394,1,True,yes,Additional owner,Pecos,Reeves,Austin,Travis,Completed,None,high,
TX-37-1092,Pecos Housing Authority,Pecos Housing Finance Corporation,HFC,Ch.394,1,True,yes,Additional owner,Pecos,Reeves,Dallas,Dallas,Completed,None,high,
TX-37-1094,Pecos Housing Authority,Pecos Housing Finance Corporation,HFC,Ch.394,1,True,yes,Additional owner,Pecos,Reeves,Dallas,Dallas,Completed,None,high,
TX-37-3179,Pecos Housing Authority,Pecos Housing Finance Corporation,HFC,Ch.394,1,True,yes,Ground Leasor,Pecos,Reeves,Wylie,Collin,Completed,None,high,
TX-37-4261,Pecos Housing Authority,Pecos Housing Finance Corporation,HFC,Ch.394,1,True,yes,Ground Leasor,Pecos,Reeves,Garland,Dallas,Completed,None,high,
TX-43-1043,Pecos Housing Authority,Pecos Housing Finance Corporation,HFC,Ch.394,1,True,yes,Ground Leasor,Pecos,Reeves,Dallas,Dallas,Completed,None,high,
TX-43-1071,Pecos Housing Authority,Pecos Housing Finance Corporation,HFC,Ch.394,1,True,yes,Ground Leasor,Pecos,Reeves,Dallas,Dallas,Completed,None,high,
TX-43-3479,Pecos Housing Authority,Pecos Housing Finance Corporation,HFC,Ch.394,1,True,yes,Ground Leasor,Pecos,Reeves,Desoto,Dallas,Completed,None,high,
TX-37-1112,Pecos Housing Authority,Pecos Housing Finance Corporation,HFC,Ch.394,1,True,yes,Primary Owner,Pecos,Reeves,Dallas,Dallas,Completed,None,high,2025-05-02
TX-63-3280,Pecos Housing Authority,Pecos Housing Finance Corporation,HFC,Ch.394,1,True,yes,Additional owner,Pecos,Reeves,Tomball,Harris,Completed,None,high,
TX-38-383621,Pecos Housing Authority,Pecos Housing Finance Corporation,HFC,Ch.394,1,True,yes,Primary Owner,Pecos,Reeves,Fort Worth,Tarrant,Completed,None,high,2025-02-14
TX-43-2392,Plano Housing Authority,Plano Housing Authority,HA,Ch.392,3,False,yes,Ground Leasor,Plano,Collin,Lewisville,Denton,Completed,Partial,high,
TX-61-387177,Pleasanton Housing Finance Corporation,Pleasanton Housing Finance Corporation,HFC,Ch.394,1,True,yes,Additional owner,Pleasanton,Atascosa,San Antonio,Bexar,Completed,Partial,high,
TX-63-389916,Pleasanton Housing Finance Corporation,Pleasanton Housing Finance Corporation,HFC,Ch.394,1,True,yes,Ground Leasor,Pleasanton,Atascosa,Katy,Harris,Completed,Partial,high,
TX-63-1096762,Pleasanton Housing Finance Corporation,Pleasanton Housing Finance Corporation,HFC,Ch.394,1,True,yes,Ground Leasor,Pleasanton,Atascosa,Katy,Harris,Completed,None,high,
TX-38-1215326,Pleasanton Housing Finance Corporation,Pleasanton Housing Finance Corporation,HFC,Ch.394,1,True,yes,Ground Leasor,Pleasanton,Atascosa,Fort Worth,Tarrant,Completed,None,high,
TX-37-881,Pleasanton Housing Finance Corporation,Pleasanton Housing Finance Corporation,HFC,Ch.394,1,True,yes,Ground Leasor,Pleasanton,Atascosa,Dallas,Dallas,Completed,None,high,
TX-36-375983,Pleasanton Housing Finance Corporation,Pleasanton Housing Finance Corporation,HFC,Ch.394,1,True,yes,Primary Owner,Pleasanton,Atascosa,Austin,Travis,Completed,None,high,2024-08-30
TX-63-2664,Pleasanton Housing Finance Corporation,Pleasanton Housing Finance Corporation,HFC,Ch.394,1,True,yes,Additional owner,Pleasanton,Atascosa,Houston,Harris,Completed,All,high,
TX-38-1225261,Pleasanton Housing Finance Corporation,Pleasanton Housing Finance Corporation,HFC,Ch.394,1,True,yes,Additional owner,Pleasanton,Atascosa,Fort Worth,Tarrant,Completed,None,high,
TX-38-2699,Pleasanton Housing Finance Corporation,Pleasanton Housing Finance Corporation,HFC,Ch.394,1,True,yes,Ground Leasor,Pleasanton,Atascosa,Fort Worth,Tarrant,Completed,None,high,
TX-38-1495418,Pleasanton Housing Finance Corporation,Pleasanton Housing Finance Corporation,HFC,Ch.394,1,True,yes,Ground Leasor,Pleasanton,Atascosa,Lake Worth,Tarrant,Completed,All,high,
TX-62-1170459,Pleasanton Housing Finance Corporation,Pleasanton Housing Finance Corporation,HFC,Ch.394,1,True,yes,Primary Owner,Pleasanton,Atascosa,Houston,Harris,Completed,All,high,2024-12-19
TX-63-558869,Pleasanton Housing Finance Corporation,Pleasanton Housing Finance Corporation,HFC,Ch.394,1,True,yes,Additional owner,Pleasanton,Atascosa,Houston,Harris,Completed,None,high,
TX-61-1709,Pleasanton Housing Finance Corporation,Pleasanton Housing Finance Corporation,HFC,Ch.394,1,True,yes,Ground Leasor,Pleasanton,Atascosa,San Antonio,Bexar,Completed,None,high,
TX-37-5252,Pleasanton Housing Finance Corporation,Pleasanton Housing Finance Corporation,HFC,Ch.394,1,True,yes,Ground Leasor,Pleasanton,Atascosa,Frisco,Denton,Completed,None,high,
TX-61-1175498,Pleasanton Housing Finance Corporation,Pleasanton Housing Finance Corporation,HFC,Ch.394,1,True,yes,Ground Leasor,Pleasanton,Atascosa,San Antonio,Bexar,Completed,None,high,
TX-62-4440,Pleasanton Housing Finance Corporation,Pleasanton Housing Finance Corporation,HFC,Ch.394,1,True,yes,Additional owner,Pleasanton,Atascosa,Humble,Harris,Completed,None,high,
TX-38-856,Pleasanton Housing Finance Corporation,Pleasanton Housing Finance Corporation,HFC,Ch.394,1,True,yes,Ground Leasor,Pleasanton,Atascosa,Fort Worth,Tarrant,Completed,None,high,
TX-38-2869,Pleasanton Housing Finance Corporation,Pleasanton Housing Finance Corporation,HFC,Ch.394,1,True,yes,Additional owner,Pleasanton,Atascosa,Arlington,Tarrant,Completed,None,high,
TX-63-3007,Pleasanton Housing Finance Corporation,Pleasanton Housing Finance Corporation,HFC,Ch.394,1,True,yes,Ground Leasor,Pleasanton,Atascosa,Katy,Harris,Completed,All,high,
TX-63-8262,Pleasanton Housing Finance Corporation,Pleasanton Housing Finance Corporation,HFC,Ch.394,1,True,yes,Ground Leasor,Pleasanton,Atascosa,Houston,Harris,Completed,All,high,
TX-63-393756,Pleasanton Housing Finance Corporation,Pleasanton Housing Finance Corporation,HFC,Ch.394,1,True,yes,Ground Leasor,Pleasanton,Atascosa,Houston,Harris,Completed,All,high,
TX-43-1225449,Pleasanton Housing Finance Corporation,Pleasanton Housing Finance Corporation,HFC,Ch.394,1,True,yes,Ground Leasor,Pleasanton,Atascosa,Grand Prairie,Dallas,Completed,None,high,
TX-61-533,Pleasanton Housing Finance Corporation,Pleasanton Housing Finance Corporation,HFC,Ch.394,1,True,yes,Additional owner,Pleasanton,Atascosa,San Antonio,Bexar,Completed,None,high,
TX-37-1385,Pleasanton Housing Finance Corporation,Pleasanton Housing Finance Corporation,HFC,Ch.394,1,True,yes,Ground Leasor,Pleasanton,Atascosa,Garland,Dallas,Completed,None,high,
TX-61-659,Pleasanton Housing Finance Corporation,Pleasanton Housing Finance Corporation,HFC,Ch.394,1,True,yes,Ground Leasor,Pleasanton,Atascosa,San Antonio,Bexar,Completed,None,high,
TX-38-1314388,Pleasanton Housing Finance Corporation,Pleasanton Housing Finance Corporation,HFC,Ch.394,1,True,yes,Ground Leasor,Pleasanton,Atascosa,Burleson,Tarrant,Completed,None,high,
TX-38-1357393,Pleasanton Housing Finance Corporation,Pleasanton Housing Finance Corporation,HFC,Ch.394,1,True,yes,Ground Leasor,Pleasanton,Atascosa,Fort Worth,Tarrant,Completed,NULL,high,
TX-62-3038,Pleasanton Housing Finance Corporation,Pleasanton Housing Finance Corporation,HFC,Ch.394,1,True,yes,Ground Leasor,Pleasanton,Atascosa,La Porte,Harris,Completed,None,high,
TX-63-3158,Pleasanton Housing Finance Corporation,Pleasanton Housing Finance Corporation,HFC,Ch.394,1,True,yes,Additional owner,Pleasanton,Atascosa,Richmond,Fort Bend,Completed,None,high,
TX-63-4733,Pleasanton Housing Finance Corporation,Pleasanton Housing Finance Corporation,HFC,Ch.394,1,True,yes,Ground Leasor,Pleasanton,Atascosa,Magnolia,Montgomery,Completed,None,high,
TX-38-1047,Pleasanton Housing Finance Corporation,Pleasanton Housing Finance Corporation,HFC,Ch.394,1,True,yes,Additional owner,Pleasanton,Atascosa,Fort Worth,Tarrant,Completed,None,high,
TX-43-1468,Pleasanton Housing Finance Corporation,Pleasanton Housing Finance Corporation,HFC,Ch.394,1,True,yes,Ground Leasor,Pleasanton,Atascosa,Grand Prairie,Dallas,Completed,None,high,
TX-63-2717,Pleasanton Housing Finance Corporation,Pleasanton Housing Finance Corporation,HFC,Ch.394,1,True,yes,Ground Leasor,Pleasanton,Atascosa,Houston,Harris,Completed,None,high,
TX-62-4478,Pleasanton Housing Finance Corporation,Pleasanton Housing Finance Corporation,HFC,Ch.394,1,True,yes,Ground Leasor,Pleasanton,Atascosa,Spring,Harris,Completed,None,high,
TX-36-2275,Pleasanton Housing Finance Corporation,Pleasanton Housing Finance Corporation,HFC,Ch.394,1,True,yes,Ground Leasor,Pleasanton,Atascosa,Kyle,Hays,Completed,All,high,
TX-36-186,Pleasanton Housing Finance Corporation,Pleasanton Housing Finance Corporation,HFC,Ch.394,1,True,yes,Additional owner,Pleasanton,Atascosa,San Marcos,Hays,Completed,None,high,
TX-36-240,Pleasanton Housing Finance Corporation,Pleasanton Housing Finance Corporation,HFC,Ch.394,1,True,yes,Ground Leasor,Pleasanton,Atascosa,San Marcos,Hays,Completed,None,high,
TX-61-1955,Pleasanton Housing Finance Corporation,Pleasanton Housing Finance Corporation,HFC,Ch.394,1,True,yes,Ground Leasor,Pleasanton,Atascosa,San Antonio,Bexar,Completed,None,high,
TX-63-3697,Pleasanton Housing Finance Corporation,Pleasanton Housing Finance Corporation,HFC,Ch.394,1,True,yes,Ground Leasor,Pleasanton,Atascosa,Houston,Harris,Completed,All,high,
TX-84-943,Pleasanton Housing Finance Corporation,Pleasanton Housing Finance Corporation,HFC,Ch.394,1,True,yes,Ground Leasor,Pleasanton,Atascosa,Waco,McLennan,Completed,None,high,
TX-36-1128394,Pleasanton Housing Finance Corporation,Pleasanton Housing Finance Corporation,HFC,Ch.394,1,True,yes,Ground Leasor,Pleasanton,Atascosa,Kyle,Hays,Completed,None,high,
TX-36-568,Pleasanton Housing Finance Corporation,Pleasanton Housing Finance Corporation,HFC,Ch.394,1,True,yes,Additional owner,Pleasanton,Atascosa,Austin,Travis,Completed,None,high,
TX-36-1526,Pleasanton Housing Finance Corporation,Pleasanton Housing Finance Corporation,HFC,Ch.394,1,True,yes,Ground Leasor,Pleasanton,Atascosa,Austin,Travis,Completed,None,high,
TX-36-1838,Pleasanton Housing Finance Corporation,Pleasanton Housing Finance Corporation,HFC,Ch.394,1,True,yes,Ground Leasor,Pleasanton,Atascosa,Austin,Travis,Completed,None,high,
TX-37-750,Pleasanton Housing Finance Corporation,Pleasanton Housing Finance Corporation,HFC,Ch.394,1,True,yes,Ground Leasor,Pleasanton,Atascosa,Dallas,Dallas,Completed,None,high,
TX-37-1104,Pleasanton Housing Finance Corporation,Pleasanton Housing Finance Corporation,HFC,Ch.394,1,True,yes,Ground Leasor,Pleasanton,Atascosa,Dallas,Dallas,Completed,None,high,
TX-37-1153,Pleasanton Housing Finance Corporation,Pleasanton Housing Finance Corporation,HFC,Ch.394,1,True,yes,Ground Leasor,Pleasanton,Atascosa,Dallas,Dallas,Completed,None,high,
TX-43-3712,Pleasanton Housing Finance Corporation,Pleasanton Housing Finance Corporation,HFC,Ch.394,1,True,yes,Ground Leasor,Pleasanton,Atascosa,Dallas,Dallas,Completed,None,high,
TX-36-1155680,Pleasanton Housing Finance Corporation,Pleasanton Housing Finance Corporation,HFC,Ch.394,1,True,yes,Additional owner,Pleasanton,Atascosa,Austin,Travis,Completed,None,high,
TX-36-1357295,Pleasanton Housing Finance Corporation,Pleasanton Housing Finance Corporation,HFC,Ch.394,1,True,yes,Ground Leasor,Pleasanton,Atascosa,Manor,Travis,Completed,None,high,
TX-37-1358481,Pleasanton Housing Finance Corporation,Pleasanton Housing Finance Corporation,HFC,Ch.394,1,True,yes,Ground Leasor,Pleasanton,Atascosa,Farmers Branch,Dallas,Completed,None,high,
TX-38-1402209,Pleasanton Housing Finance Corporation,Pleasanton Housing Finance Corporation,HFC,Ch.394,1,True,yes,Additional owner,Pleasanton,Atascosa,Fort Worth,Tarrant,Planned,NULL,high,
TX-36-1417384,Pleasanton Housing Finance Corporation,Pleasanton Housing Finance Corporation,HFC,Ch.394,1,True,yes,Additional owner,Pleasanton,Atascosa,Austin,Travis,Completed,All,high,
TX-36-1549620,Pleasanton Housing Finance Corporation,Pleasanton Housing Finance Corporation,HFC,Ch.394,1,True,yes,Additional owner,Pleasanton,Atascosa,Austin,Travis,Completed,None,high,
TX-38-1550,Pleasanton Housing Finance Corporation,Pleasanton Housing Finance Corporation,HFC,Ch.394,1,True,yes,Ground Leasor,Pleasanton,Atascosa,Arlington,Tarrant,Completed,All,high,
TX-62-1184067,Pleasanton Housing Finance Corporation,Pleasanton Housing Finance Corporation,HFC,Ch.394,1,True,yes,Ground Leasor,Pleasanton,Atascosa,Humble,Harris,Completed,None,high,
TX-62-919380,Pleasanton Housing Finance Corporation,Pleasanton Housing Finance Corporation,HFC,Ch.394,1,True,yes,Ground Leasor,Pleasanton,Atascosa,Humble,Harris,Completed,None,high,
TX-63-1171213,Pleasanton Housing Finance Corporation,Pleasanton Housing Finance Corporation,HFC,Ch.394,1,True,yes,Additional owner,Pleasanton,Atascosa,Spring,Harris,Completed,None,high,
TX-63-3263,Rosenberg Housing Authority,Rosenberg Housing Authority,HA,Ch.392,3,False,yes,Additional owner,Rosenberg,Fort Bend,Sugar Land,Fort Bend,Completed,None,med,
TX-63-334,Rosenberg Housing Authority,Rosenberg Housing Authority,HA,Ch.392,3,False,yes,Additional owner,Rosenberg,Fort Bend,Stafford,Fort Bend,Completed,All,med,
TX-63-8200,Rosenberg Housing Authority,Rosenberg Housing Authority,HA,Ch.392,3,False,yes,Primary Owner,Rosenberg,Fort Bend,Richmond,Fort Bend,Completed,None,med,2026-02-26
TX-63-4944,Rosenberg Housing Authority,Rosenberg Housing Authority,HA,Ch.392,3,False,yes,Additional owner,Rosenberg,Fort Bend,Sugar Land,Fort Bend,Completed,Partial,med,
TX-63-939655,Rosenberg Housing Authority,Rosenberg Housing Authority,HA,Ch.392,3,False,yes,Primary Owner,Rosenberg,Fort Bend,Richmond,Fort Bend,Completed,None,med,2025-09-29
TX-53-1154589,San Benito Housing Authority,San Benito Housing Authority,HA,Ch.392,3,False,yes,Primary Owner,San Benito,Cameron,McAllen,Hidalgo,Prospective,All,low,
TX-36-535,Texas Essential Housing Public Facility Corporation,Texas Essential Housing Public Facility Corporation,PFC,Ch.303,2,False,yes,Ground Leasor,Austin (SH130 corridor),Travis,Austin,Travis,Completed,None,high,
TX-38-1506024,Texas Essential Housing Public Facility Corporation,Texas Essential Housing Public Facility Corporation,PFC,Ch.303,2,False,yes,Ground Leasor,Austin (SH130 corridor),Travis,Saginaw,Tarrant,Completed,Partial,high,
TX-61-374106,Texas Essential Housing Public Facility Corporation,Texas Essential Housing Public Facility Corporation,PFC,Ch.303,2,False,yes,Ground Leasor,Austin (SH130 corridor),Travis,San Antonio,Bexar,Completed,None,high,
TX-61-1521,Texas Essential Housing Public Facility Corporation,Texas Essential Housing Public Facility Corporation,PFC,Ch.303,2,False,yes,Ground Leasor,Austin (SH130 corridor),Travis,San Antonio,Bexar,Completed,None,high,
TX-62-3188,Texas Essential Housing Public Facility Corporation,Texas Essential Housing Public Facility Corporation,PFC,Ch.303,2,False,yes,Ground Leasor,Austin (SH130 corridor),Travis,Seabrook,Harris,Completed,None,high,
TX-63-2885,Texas Essential Housing Public Facility Corporation,Texas Essential Housing Public Facility Corporation,PFC,Ch.303,2,False,yes,Ground Leasor,Austin (SH130 corridor),Travis,Houston,Harris,Completed,None,high,
TX-62-921094,Texas Essential Housing Public Facility Corporation,Texas Essential Housing Public Facility Corporation,PFC,Ch.303,2,False,yes,Ground Leasor,Austin (SH130 corridor),Travis,Houston,Harris,Completed,Partial,high,
TX-36-1510489,Texas Essential Housing Public Facility Corporation,Texas Essential Housing Public Facility Corporation,PFC,Ch.303,2,False,yes,Ground Leasor,Austin (SH130 corridor),Travis,Austin,Travis,Under Construction,Partial,high,
TX-36-1395069,Texas Essential Housing Public Facility Corporation,Texas Essential Housing Public Facility Corporation,PFC,Ch.303,2,False,yes,Ground Leasor,Austin (SH130 corridor),Travis,Austin,Travis,Completed,None,high,
TX-36-1968,Texas Essential Housing Public Facility Corporation,Texas Essential Housing Public Facility Corporation,PFC,Ch.303,2,False,yes,Ground Leasor,Austin (SH130 corridor),Travis,Round Rock,Williamson,Completed,None,high,
TX-36-2017,Texas Essential Housing Public Facility Corporation,Texas Essential Housing Public Facility Corporation,PFC,Ch.303,2,False,yes,Ground Leasor,Austin (SH130 corridor),Travis,Round Rock,Williamson,Completed,None,high,
TX-36-2088,Texas Essential Housing Public Facility Corporation,Texas Essential Housing Public Facility Corporation,PFC,Ch.303,2,False,yes,Ground Leasor,Austin (SH130 corridor),Travis,Austin,Williamson,Completed,Partial,high,
TX-36-2231,Texas Essential Housing Public Facility Corporation,Texas Essential Housing Public Facility Corporation,PFC,Ch.303,2,False,yes,Ground Leasor,Austin (SH130 corridor),Travis,Austin,Williamson,Completed,None,high,
TX-61-457,Texas Essential Housing Public Facility Corporation,Texas Essential Housing Public Facility Corporation,PFC,Ch.303,2,False,yes,Ground Leasor,Austin (SH130 corridor),Travis,San Antonio,Bexar,Completed,None,high,
TX-38-1046,Texas Essential Housing Public Facility Corporation,Texas Essential Housing Public Facility Corporation,PFC,Ch.303,2,False,yes,Ground Leasor,Austin (SH130 corridor),Travis,Arlington,Tarrant,Completed,None,high,
TX-43-518,Texas Essential Housing Public Facility Corporation,Texas Essential Housing Public Facility Corporation,PFC,Ch.303,2,False,yes,Ground Leasor,Austin (SH130 corridor),Travis,Dallas,Dallas,Completed,All,high,
TX-43-554,Texas Essential Housing Public Facility Corporation,Texas Essential Housing Public Facility Corporation,PFC,Ch.303,2,False,yes,Ground Leasor,Austin (SH130 corridor),Travis,Dallas,Dallas,Completed,None,high,
TX-43-616,Texas Essential Housing Public Facility Corporation,Texas Essential Housing Public Facility Corporation,PFC,Ch.303,2,False,yes,Ground Leasor,Austin (SH130 corridor),Travis,Dallas,Dallas,Completed,None,high,
TX-43-1018,Texas Essential Housing Public Facility Corporation,Texas Essential Housing Public Facility Corporation,PFC,Ch.303,2,False,yes,Ground Leasor,Austin (SH130 corridor),Travis,Dallas,Dallas,Completed,Partial,high,
TX-63-2465,Texas Essential Housing Public Facility Corporation,Texas Essential Housing Public Facility Corporation,PFC,Ch.303,2,False,yes,Ground Leasor,Austin (SH130 corridor),Travis,Houston,Harris,Completed,None,high,
TX-63-2485,Texas Essential Housing Public Facility Corporation,Texas Essential Housing Public Facility Corporation,PFC,Ch.303,2,False,yes,Ground Leasor,Austin (SH130 corridor),Travis,Houston,Harris,Completed,None,high,
TX-63-2583,Texas Essential Housing Public Facility Corporation,Texas Essential Housing Public Facility Corporation,PFC,Ch.303,2,False,yes,Ground Leasor,Austin (SH130 corridor),Travis,Houston,Harris,Completed,None,high,
TX-63-2618,Texas Essential Housing Public Facility Corporation,Texas Essential Housing Public Facility Corporation,PFC,Ch.303,2,False,yes,Ground Leasor,Austin (SH130 corridor),Travis,Houston,Harris,Completed,None,high,
TX-63-4482,Texas Essential Housing Public Facility Corporation,Texas Essential Housing Public Facility Corporation,PFC,Ch.303,2,False,yes,Ground Leasor,Austin (SH130 corridor),Travis,Houston,Harris,Completed,None,high,
TX-84-548,Texas Essential Housing Public Facility Corporation,Texas Essential Housing Public Facility Corporation,PFC,Ch.303,2,False,yes,Ground Leasor,Austin (SH130 corridor),Travis,College Station,Brazos,Completed,None,high,
TX-36-1314832,Texas Essential Housing Public Facility Corporation,Texas Essential Housing Public Facility Corporation,PFC,Ch.303,2,False,yes,Ground Leasor,Austin (SH130 corridor),Travis,Austin,Travis,Completed,Partial,high,
TX-36-1527161,Texas Essential Housing Public Facility Corporation,Texas Essential Housing Public Facility Corporation,PFC,Ch.303,2,False,yes,Ground Leasor,Austin (SH130 corridor),Travis,Austin,Travis,Completed,Partial,high,
TX-36-1527165,Texas Essential Housing Public Facility Corporation,Texas Essential Housing Public Facility Corporation,PFC,Ch.303,2,False,yes,Ground Leasor,Austin (SH130 corridor),Travis,Austin,Travis,Completed,Partial,high,
TX-114-1177607,Texas Essential Housing Public Facility Corporation,Texas Essential Housing Public Facility Corporation,PFC,Ch.303,2,False,yes,Ground Leasor,Austin (SH130 corridor),Travis,Midland,Midland,Completed,None,high,
